19,-11,YOTmORGqMmscaeYoG9wSNMlZjT0=,W04QLTMV0Rd4oo4SA50pKc6wMGI=
20,-11,YOTmORGqMmscaeYoG9wSNMlZjT0=,tOLk4CWVN5V++YltOSmMjGt5R9w=
19,-10,YOTmORGqMmscaeYoG9wSNMlZjT0=,duzXvEwqKUAviKNA4aJM7JunkbA=
20,-10,YOTmORGqMmscaeYoG9wSNMlZjT0=,i5y0Q7z7zp9MVyhJkjM30Kx07NQ=
18,-11,YOTmORGqMmscaeYoG9wSNMlZjT0=,W04QLTMV0Rd4oo4SA50pKc6wMGI=
17,-11,YOTmORGqMmscaeYoG9wSNMlZjT0=,vF1D7QtnDmqMUMb17dRfa204d4Y=
17,-10,YOTmORGqMmscaeYoG9wSNMlZjT0=,IvRSeFnlIW3lXS/2fOPaoHfYYeQ=
18,-10,YOTmORGqMmscaeYoG9wSNMlZjT0=,duzXvEwqKUAviKNA4aJM7JunkbA=
21,-11,YOTmORGqMmscaeYoG9wSNMlZjT0=,tOLk4CWVN5V++YltOSmMjGt5R9w=
22,-10,YOTmORGqMmscaeYoG9wSNMlZjT0=,30564hkQK/CmD78blf7/RjXDSNs=
21,-10,YOTmORGqMmscaeYoG9wSNMlZjT0=,i5y0Q7z7zp9MVyhJkjM30Kx07NQ=
22,-11,YOTmORGqMmscaeYoG9wSNMlZjT0=,FxsnI1jFOrXhbb66W9vTJbKDIZ0=
17,-4,YOTmORGqMmscaeYoG9wSNMlZjT0=,uX+p5w1J9IXWpVCrY4NPPf18Vj0=
17,-5,YOTmORGqMmscaeYoG9wSNMlZjT0=,CK+zLKD+iORTF0P93ymH4wvbzqE=
17,-12,YOTmORGqMmscaeYoG9wSNMlZjT0=,vF1D7QtnDmqMUMb17dRfa204d4Y=
18,-12,YOTmORGqMmscaeYoG9wSNMlZjT0=,W04QLTMV0Rd4oo4SA50pKc6wMGI=
20,-12,YOTmORGqMmscaeYoG9wSNMlZjT0=,tOLk4CWVN5V++YltOSmMjGt5R9w=
19,-12,YOTmORGqMmscaeYoG9wSNMlZjT0=,W04QLTMV0Rd4oo4SA50pKc6wMGI=
21,-12,YOTmORGqMmscaeYoG9wSNMlZjT0=,tOLk4CWVN5V++YltOSmMjGt5R9w=
23,-9,YOTmORGqMmscaeYoG9wSNMlZjT0=,30564hkQK/CmD78blf7/RjXDSNs=
22,-12,YOTmORGqMmscaeYoG9wSNMlZjT0=,FxsnI1jFOrXhbb66W9vTJbKDIZ0=
17,-3,YOTmORGqMmscaeYoG9wSNMlZjT0=,uX+p5w1J9IXWpVCrY4NPPf18Vj0=
17,-2,YOTmORGqMmscaeYoG9wSNMlZjT0=,o5B5E+bdM5mkkD8UNPW70U9XM7k=
16,-11,YOTmORGqMmscaeYoG9wSNMlZjT0=,vF1D7QtnDmqMUMb17dRfa204d4Y=
16,-4,YOTmORGqMmscaeYoG9wSNMlZjT0=,uX+p5w1J9IXWpVCrY4NPPf18Vj0=
16,-12,YOTmORGqMmscaeYoG9wSNMlZjT0=,vF1D7QtnDmqMUMb17dRfa204d4Y=
16,-10,YOTmORGqMmscaeYoG9wSNMlZjT0=,IvRSeFnlIW3lXS/2fOPaoHfYYeQ=
17,-1,YOTmORGqMmscaeYoG9wSNMlZjT0=,o5B5E+bdM5mkkD8UNPW70U9XM7k=
25,-14,YOTmORGqMmscaeYoG9wSNMlZjT0=,KnGh0MFHklTH/2Qoh61BWiBGHnM=
16,-5,YOTmORGqMmscaeYoG9wSNMlZjT0=,CK+zLKD+iORTF0P93ymH4wvbzqE=
22,-9,YOTmORGqMmscaeYoG9wSNMlZjT0=,30564hkQK/CmD78blf7/RjXDSNs=
24,-14,YOTmORGqMmscaeYoG9wSNMlZjT0=,KnGh0MFHklTH/2Qoh61BWiBGHnM=
21,-9,YOTmORGqMmscaeYoG9wSNMlZjT0=,i5y0Q7z7zp9MVyhJkjM30Kx07NQ=
20,-9,YOTmORGqMmscaeYoG9wSNMlZjT0=,i5y0Q7z7zp9MVyhJkjM30Kx07NQ=
16,-1,YOTmORGqMmscaeYoG9wSNMlZjT0=,o5B5E+bdM5mkkD8UNPW70U9XM7k=
24,-13,YOTmORGqMmscaeYoG9wSNMlZjT0=,KnGh0MFHklTH/2Qoh61BWiBGHnM=
19,-9,YOTmORGqMmscaeYoG9wSNMlZjT0=,duzXvEwqKUAviKNA4aJM7JunkbA=
23,-10,YOTmORGqMmscaeYoG9wSNMlZjT0=,30564hkQK/CmD78blf7/RjXDSNs=
25,-13,YOTmORGqMmscaeYoG9wSNMlZjT0=,KnGh0MFHklTH/2Qoh61BWiBGHnM=
25,-11,YOTmORGqMmscaeYoG9wSNMlZjT0=,6uRMn02VFmAdBVRX+vnq4IYL52U=
24,-11,YOTmORGqMmscaeYoG9wSNMlZjT0=,6uRMn02VFmAdBVRX+vnq4IYL52U=
16,-2,YOTmORGqMmscaeYoG9wSNMlZjT0=,o5B5E+bdM5mkkD8UNPW70U9XM7k=
25,-12,YOTmORGqMmscaeYoG9wSNMlZjT0=,6uRMn02VFmAdBVRX+vnq4IYL52U=
16,-3,YOTmORGqMmscaeYoG9wSNMlZjT0=,uX+p5w1J9IXWpVCrY4NPPf18Vj0=
23,-12,YOTmORGqMmscaeYoG9wSNMlZjT0=,FxsnI1jFOrXhbb66W9vTJbKDIZ0=
23,-11,YOTmORGqMmscaeYoG9wSNMlZjT0=,FxsnI1jFOrXhbb66W9vTJbKDIZ0=
17,-8,YOTmORGqMmscaeYoG9wSNMlZjT0=,pY3jLe4VMZ1LojKBJLSCeLrY7sA=
18,-9,YOTmORGqMmscaeYoG9wSNMlZjT0=,duzXvEwqKUAviKNA4aJM7JunkbA=
16,-6,YOTmORGqMmscaeYoG9wSNMlZjT0=,CK+zLKD+iORTF0P93ymH4wvbzqE=
17,-9,YOTmORGqMmscaeYoG9wSNMlZjT0=,IvRSeFnlIW3lXS/2fOPaoHfYYeQ=
17,-6,YOTmORGqMmscaeYoG9wSNMlZjT0=,CK+zLKD+iORTF0P93ymH4wvbzqE=
24,-12,YOTmORGqMmscaeYoG9wSNMlZjT0=,6uRMn02VFmAdBVRX+vnq4IYL52U=
16,-8,YOTmORGqMmscaeYoG9wSNMlZjT0=,pY3jLe4VMZ1LojKBJLSCeLrY7sA=
16,-7,YOTmORGqMmscaeYoG9wSNMlZjT0=,pY3jLe4VMZ1LojKBJLSCeLrY7sA=
17,-7,YOTmORGqMmscaeYoG9wSNMlZjT0=,pY3jLe4VMZ1LojKBJLSCeLrY7sA=
16,-9,YOTmORGqMmscaeYoG9wSNMlZjT0=,IvRSeFnlIW3lXS/2fOPaoHfYYeQ=
1,-4,vXal2g4ACc5KjkMaUB0gxwY3t/4=,rqOP+FhqAHrP2q60iPawTJOjEdY=
2,-4,vXal2g4ACc5KjkMaUB0gxwY3t/4=,MB6UuEUxu8CAcKPe1okkwchXQJE=
2,-5,vXal2g4ACc5KjkMaUB0gxwY3t/4=,Jsj2vMjwm9LwC3NeH597bc1oWjY=
1,-5,vXal2g4ACc5KjkMaUB0gxwY3t/4=,VRe6WlKIVh17zT8HFacTI28EYYs=
2,-6,vXal2g4ACc5KjkMaUB0gxwY3t/4=,Jsj2vMjwm9LwC3NeH597bc1oWjY=
1,-6,vXal2g4ACc5KjkMaUB0gxwY3t/4=,VRe6WlKIVh17zT8HFacTI28EYYs=
2,-7,vXal2g4ACc5KjkMaUB0gxwY3t/4=,5noXX3TaWKqksKIJo98bfQxXULM=
1,-7,vXal2g4ACc5KjkMaUB0gxwY3t/4=,A0Z0Fr51PEUeFflGigvQVpMO1No=
4,-11,VOPCFuz18ECIV6Mx3wq0QKN/pHg=,x7cY2MthUihyRvs24udt5xCNq2c=
3,-10,VOPCFuz18ECIV6Mx3wq0QKN/pHg=,MQSfkxH0Bz4+89vZlL5d7A3sDz4=
3,-11,VOPCFuz18ECIV6Mx3wq0QKN/pHg=,MiGA76CR39TbA7S39wKDtGYU+Hg=
4,-10,VOPCFuz18ECIV6Mx3wq0QKN/pHg=,xn8J9mRtFg9ikZmPaTsXEIP9G04=
4,-8,VOPCFuz18ECIV6Mx3wq0QKN/pHg=,w9omBZM/CRmXKzuO0bfNHuNhp3I=
3,-9,VOPCFuz18ECIV6Mx3wq0QKN/pHg=,MQSfkxH0Bz4+89vZlL5d7A3sDz4=
4,-9,VOPCFuz18ECIV6Mx3wq0QKN/pHg=,xn8J9mRtFg9ikZmPaTsXEIP9G04=
3,-8,VOPCFuz18ECIV6Mx3wq0QKN/pHg=,5noXX3TaWKqksKIJo98bfQxXULM=
5,-8,VOPCFuz18ECIV6Mx3wq0QKN/pHg=,w9omBZM/CRmXKzuO0bfNHuNhp3I=
6,-8,VOPCFuz18ECIV6Mx3wq0QKN/pHg=,cPq6LMA55IkkjwdMIw6CblM78dQ=
5,-9,VOPCFuz18ECIV6Mx3wq0QKN/pHg=,xn8J9mRtFg9ikZmPaTsXEIP9G04=
6,-9,VOPCFuz18ECIV6Mx3wq0QKN/pHg=,jV+WUb54uQCcc+UFKh5F+e4aQw4=
4,-6,VOPCFuz18ECIV6Mx3wq0QKN/pHg=,H1y6TZ/QNaxYacGmzTxBTx7EchI=
3,-7,VOPCFuz18ECIV6Mx3wq0QKN/pHg=,5noXX3TaWKqksKIJo98bfQxXULM=
3,-6,VOPCFuz18ECIV6Mx3wq0QKN/pHg=,Jsj2vMjwm9LwC3NeH597bc1oWjY=
4,-7,VOPCFuz18ECIV6Mx3wq0QKN/pHg=,w9omBZM/CRmXKzuO0bfNHuNhp3I=
6,-6,VOPCFuz18ECIV6Mx3wq0QKN/pHg=,ouMJs/83+d9pJHAEE5bOieboC6g=
5,-7,VOPCFuz18ECIV6Mx3wq0QKN/pHg=,w9omBZM/CRmXKzuO0bfNHuNhp3I=
6,-7,VOPCFuz18ECIV6Mx3wq0QKN/pHg=,cPq6LMA55IkkjwdMIw6CblM78dQ=
5,-6,VOPCFuz18ECIV6Mx3wq0QKN/pHg=,H1y6TZ/QNaxYacGmzTxBTx7EchI=
8,-13,YBxr5zluFP6rRnh8SWGSlNMilMw=,XjxcD04LN0bcOfzZpY/LnR+mSNA=
7,-13,YBxr5zluFP6rRnh8SWGSlNMilMw=,CJbK6iJeUMqixJHQtNsugLKF3IU=
5,-11,YBxr5zluFP6rRnh8SWGSlNMilMw=,x7cY2MthUihyRvs24udt5xCNq2c=
8,-12,YBxr5zluFP6rRnh8SWGSlNMilMw=,xh97F4I5OB5aimLdVSb51GpksZw=
7,-12,YBxr5zluFP6rRnh8SWGSlNMilMw=,G5w5ksE2ydG70CMZLG6Dqfm+M4Y=
6,-10,YBxr5zluFP6rRnh8SWGSlNMilMw=,jV+WUb54uQCcc+UFKh5F+e4aQw4=
5,-10,YBxr5zluFP6rRnh8SWGSlNMilMw=,xn8J9mRtFg9ikZmPaTsXEIP9G04=
6,-11,YBxr5zluFP6rRnh8SWGSlNMilMw=,G5w5ksE2ydG70CMZLG6Dqfm+M4Y=
4,-4,YBxr5zluFP6rRnh8SWGSlNMilMw=,83LVwAKou8o9vENZtMZnzOhuCoU=
3,-4,YBxr5zluFP6rRnh8SWGSlNMilMw=,MB6UuEUxu8CAcKPe1okkwchXQJE=
3,-5,YBxr5zluFP6rRnh8SWGSlNMilMw=,Jsj2vMjwm9LwC3NeH597bc1oWjY=
4,-5,YBxr5zluFP6rRnh8SWGSlNMilMw=,H1y6TZ/QNaxYacGmzTxBTx7EchI=
10,-10,YBxr5zluFP6rRnh8SWGSlNMilMw=,jCpTLlB4GnAfNHB6PGnwjX3zSVY=
8,-11,YBxr5zluFP6rRnh8SWGSlNMilMw=,xh97F4I5OB5aimLdVSb51GpksZw=
10,-11,YBxr5zluFP6rRnh8SWGSlNMilMw=,RgxlehXiOC0pdyjsb56pMad8Vtk=
9,-11,YBxr5zluFP6rRnh8SWGSlNMilMw=,xh97F4I5OB5aimLdVSb51GpksZw=
8,-10,YBxr5zluFP6rRnh8SWGSlNMilMw=,PFiTGGEf4/QcRZXVtnJrTMWtzcM=
7,-11,YBxr5zluFP6rRnh8SWGSlNMilMw=,G5w5ksE2ydG70CMZLG6Dqfm+M4Y=
7,-10,YBxr5zluFP6rRnh8SWGSlNMilMw=,jV+WUb54uQCcc+UFKh5F+e4aQw4=
9,-10,YBxr5zluFP6rRnh8SWGSlNMilMw=,PFiTGGEf4/QcRZXVtnJrTMWtzcM=
10,-8,YBxr5zluFP6rRnh8SWGSlNMilMw=,Z0Y7QUGj+aJhN7DZ5XjqxTLrzrY=
8,-8,YBxr5zluFP6rRnh8SWGSlNMilMw=,FLbc1tI4m/EtyTgrvc8BcLxO3vs=
8,-9,YBxr5zluFP6rRnh8SWGSlNMilMw=,PFiTGGEf4/QcRZXVtnJrTMWtzcM=
9,-8,YBxr5zluFP6rRnh8SWGSlNMilMw=,FLbc1tI4m/EtyTgrvc8BcLxO3vs=
7,-9,YBxr5zluFP6rRnh8SWGSlNMilMw=,jV+WUb54uQCcc+UFKh5F+e4aQw4=
10,-9,YBxr5zluFP6rRnh8SWGSlNMilMw=,jCpTLlB4GnAfNHB6PGnwjX3zSVY=
9,-9,YBxr5zluFP6rRnh8SWGSlNMilMw=,PFiTGGEf4/QcRZXVtnJrTMWtzcM=
7,-8,YBxr5zluFP6rRnh8SWGSlNMilMw=,cPq6LMA55IkkjwdMIw6CblM78dQ=
4,-2,rvODJrSMcZ+lh+eIhqEajWt+IHE=,VLP0kyc91hLtdQ+tsdvuMZYKAT8=
3,-3,rvODJrSMcZ+lh+eIhqEajWt+IHE=,MB6UuEUxu8CAcKPe1okkwchXQJE=
3,-2,rvODJrSMcZ+lh+eIhqEajWt+IHE=,Jhu0FVCmoifJ2HyXuxJMg4Hp+T8=
4,-3,rvODJrSMcZ+lh+eIhqEajWt+IHE=,83LVwAKou8o9vENZtMZnzOhuCoU=
8,-7,rvODJrSMcZ+lh+eIhqEajWt+IHE=,FLbc1tI4m/EtyTgrvc8BcLxO3vs=
7,-7,rvODJrSMcZ+lh+eIhqEajWt+IHE=,cPq6LMA55IkkjwdMIw6CblM78dQ=
10,-6,rvODJrSMcZ+lh+eIhqEajWt+IHE=,QSDXNxGPGPZuo+yDd8EiOUGIp/w=
7,-6,rvODJrSMcZ+lh+eIhqEajWt+IHE=,ouMJs/83+d9pJHAEE5bOieboC6g=
9,-7,rvODJrSMcZ+lh+eIhqEajWt+IHE=,FLbc1tI4m/EtyTgrvc8BcLxO3vs=
8,-6,rvODJrSMcZ+lh+eIhqEajWt+IHE=,fpUKi7EqY85XmISIb+az2k03R6M=
9,-6,rvODJrSMcZ+lh+eIhqEajWt+IHE=,fpUKi7EqY85XmISIb+az2k03R6M=
10,-7,rvODJrSMcZ+lh+eIhqEajWt+IHE=,Z0Y7QUGj+aJhN7DZ5XjqxTLrzrY=
11,-10,rvODJrSMcZ+lh+eIhqEajWt+IHE=,jCpTLlB4GnAfNHB6PGnwjX3zSVY=
12,-11,rvODJrSMcZ+lh+eIhqEajWt+IHE=,5u3Gz7JFO8RSz9xbVcoSqmoNGbY=
11,-11,rvODJrSMcZ+lh+eIhqEajWt+IHE=,RgxlehXiOC0pdyjsb56pMad8Vtk=
12,-10,rvODJrSMcZ+lh+eIhqEajWt+IHE=,ZlcTCXy4a0eZyg43Ho2lhuau6b0=
10,-5,rvODJrSMcZ+lh+eIhqEajWt+IHE=,QSDXNxGPGPZuo+yDd8EiOUGIp/w=
10,-4,rvODJrSMcZ+lh+eIhqEajWt+IHE=,58645EZxwHkLI3xLNGlF2bxkb2c=
9,-4,rvODJrSMcZ+lh+eIhqEajWt+IHE=,rVZVjdeLYIU+Zw1p9yGvGY0U5KY=
9,-5,rvODJrSMcZ+lh+eIhqEajWt+IHE=,fpUKi7EqY85XmISIb+az2k03R6M=
12,-9,rvODJrSMcZ+lh+eIhqEajWt+IHE=,ZlcTCXy4a0eZyg43Ho2lhuau6b0=
11,-8,rvODJrSMcZ+lh+eIhqEajWt+IHE=,Z0Y7QUGj+aJhN7DZ5XjqxTLrzrY=
11,-6,rvODJrSMcZ+lh+eIhqEajWt+IHE=,QSDXNxGPGPZuo+yDd8EiOUGIp/w=
12,-6,rvODJrSMcZ+lh+eIhqEajWt+IHE=,fiqpktpoyCb38JYFUf4fq9iIsSU=
11,-9,rvODJrSMcZ+lh+eIhqEajWt+IHE=,jCpTLlB4GnAfNHB6PGnwjX3zSVY=
12,-7,rvODJrSMcZ+lh+eIhqEajWt+IHE=,3tpFiZY+QGIG95J55oJfqEJWJ98=
11,-7,rvODJrSMcZ+lh+eIhqEajWt+IHE=,Z0Y7QUGj+aJhN7DZ5XjqxTLrzrY=
12,-8,rvODJrSMcZ+lh+eIhqEajWt+IHE=,3tpFiZY+QGIG95J55oJfqEJWJ98=
13,-9,rvODJrSMcZ+lh+eIhqEajWt+IHE=,ZlcTCXy4a0eZyg43Ho2lhuau6b0=
14,-9,rvODJrSMcZ+lh+eIhqEajWt+IHE=,QVwiUfRRGFJDngRqEmLHNCgP4tI=
14,-8,rvODJrSMcZ+lh+eIhqEajWt+IHE=,NfoiBl4vf52NcUnZnFVN+NcOdH4=
13,-8,rvODJrSMcZ+lh+eIhqEajWt+IHE=,3tpFiZY+QGIG95J55oJfqEJWJ98=
6,-4,hfq66uxKlsZNNPtFEni7ZDmOw10=,Ew1Eh+1Dprj/nhF6xvxkT4jTihI=
6,-5,hfq66uxKlsZNNPtFEni7ZDmOw10=,ouMJs/83+d9pJHAEE5bOieboC6g=
8,-5,hfq66uxKlsZNNPtFEni7ZDmOw10=,fpUKi7EqY85XmISIb+az2k03R6M=
8,-4,hfq66uxKlsZNNPtFEni7ZDmOw10=,rVZVjdeLYIU+Zw1p9yGvGY0U5KY=
5,-4,hfq66uxKlsZNNPtFEni7ZDmOw10=,83LVwAKou8o9vENZtMZnzOhuCoU=
7,-5,hfq66uxKlsZNNPtFEni7ZDmOw10=,ouMJs/83+d9pJHAEE5bOieboC6g=
5,-5,hfq66uxKlsZNNPtFEni7ZDmOw10=,H1y6TZ/QNaxYacGmzTxBTx7EchI=
7,-4,hfq66uxKlsZNNPtFEni7ZDmOw10=,Ew1Eh+1Dprj/nhF6xvxkT4jTihI=
8,-3,hfq66uxKlsZNNPtFEni7ZDmOw10=,rVZVjdeLYIU+Zw1p9yGvGY0U5KY=
5,-3,hfq66uxKlsZNNPtFEni7ZDmOw10=,83LVwAKou8o9vENZtMZnzOhuCoU=
7,-3,hfq66uxKlsZNNPtFEni7ZDmOw10=,Ew1Eh+1Dprj/nhF6xvxkT4jTihI=
6,-3,hfq66uxKlsZNNPtFEni7ZDmOw10=,Ew1Eh+1Dprj/nhF6xvxkT4jTihI=
5,-2,hfq66uxKlsZNNPtFEni7ZDmOw10=,VLP0kyc91hLtdQ+tsdvuMZYKAT8=
6,-2,hfq66uxKlsZNNPtFEni7ZDmOw10=,KQPr5xlcnILCSwXE7c0FRHEtMNg=
8,-2,hfq66uxKlsZNNPtFEni7ZDmOw10=,xSkfQMqv1CVdw3i1VVRQDhwcKbQ=
12,-5,hfq66uxKlsZNNPtFEni7ZDmOw10=,fiqpktpoyCb38JYFUf4fq9iIsSU=
12,-4,hfq66uxKlsZNNPtFEni7ZDmOw10=,PD0v5WIC5bsq1GUFKdZO3G4flVk=
11,-4,hfq66uxKlsZNNPtFEni7ZDmOw10=,58645EZxwHkLI3xLNGlF2bxkb2c=
11,-5,hfq66uxKlsZNNPtFEni7ZDmOw10=,QSDXNxGPGPZuo+yDd8EiOUGIp/w=
7,-2,hfq66uxKlsZNNPtFEni7ZDmOw10=,KQPr5xlcnILCSwXE7c0FRHEtMNg=
9,-3,hfq66uxKlsZNNPtFEni7ZDmOw10=,rVZVjdeLYIU+Zw1p9yGvGY0U5KY=
10,-3,hfq66uxKlsZNNPtFEni7ZDmOw10=,58645EZxwHkLI3xLNGlF2bxkb2c=
9,-2,hfq66uxKlsZNNPtFEni7ZDmOw10=,xSkfQMqv1CVdw3i1VVRQDhwcKbQ=
10,-2,hfq66uxKlsZNNPtFEni7ZDmOw10=,NZNrekpSltjvjw1/6vghiqFLQQM=
11,-3,hfq66uxKlsZNNPtFEni7ZDmOw10=,58645EZxwHkLI3xLNGlF2bxkb2c=
12,-3,hfq66uxKlsZNNPtFEni7ZDmOw10=,PD0v5WIC5bsq1GUFKdZO3G4flVk=
12,-2,hfq66uxKlsZNNPtFEni7ZDmOw10=,3TTDVx3wr0g/H4+TfG3zdtSqsqs=
11,-2,hfq66uxKlsZNNPtFEni7ZDmOw10=,NZNrekpSltjvjw1/6vghiqFLQQM=
15,-9,hfq66uxKlsZNNPtFEni7ZDmOw10=,QVwiUfRRGFJDngRqEmLHNCgP4tI=
15,-8,hfq66uxKlsZNNPtFEni7ZDmOw10=,NfoiBl4vf52NcUnZnFVN+NcOdH4=
13,-11,hfq66uxKlsZNNPtFEni7ZDmOw10=,5u3Gz7JFO8RSz9xbVcoSqmoNGbY=
14,-11,hfq66uxKlsZNNPtFEni7ZDmOw10=,7tnFEFpJrkUGabcC3vmzzeHeHyE=
14,-10,hfq66uxKlsZNNPtFEni7ZDmOw10=,QVwiUfRRGFJDngRqEmLHNCgP4tI=
13,-10,hfq66uxKlsZNNPtFEni7ZDmOw10=,ZlcTCXy4a0eZyg43Ho2lhuau6b0=
14,-1,hfq66uxKlsZNNPtFEni7ZDmOw10=,FIP5hQ9wYNe2puWJ4ks2Q2XOGlE=
15,-1,hfq66uxKlsZNNPtFEni7ZDmOw10=,FIP5hQ9wYNe2puWJ4ks2Q2XOGlE=
13,-1,hfq66uxKlsZNNPtFEni7ZDmOw10=,3TTDVx3wr0g/H4+TfG3zdtSqsqs=
14,-3,hfq66uxKlsZNNPtFEni7ZDmOw10=,yZGBc4O1vcM3y8EGRAw/t/NnLyA=
15,-2,hfq66uxKlsZNNPtFEni7ZDmOw10=,FIP5hQ9wYNe2puWJ4ks2Q2XOGlE=
15,-3,hfq66uxKlsZNNPtFEni7ZDmOw10=,yZGBc4O1vcM3y8EGRAw/t/NnLyA=
13,-3,hfq66uxKlsZNNPtFEni7ZDmOw10=,PD0v5WIC5bsq1GUFKdZO3G4flVk=
14,-2,hfq66uxKlsZNNPtFEni7ZDmOw10=,FIP5hQ9wYNe2puWJ4ks2Q2XOGlE=
13,-2,hfq66uxKlsZNNPtFEni7ZDmOw10=,3TTDVx3wr0g/H4+TfG3zdtSqsqs=
1,-14,hfq66uxKlsZNNPtFEni7ZDmOw10=,D2q6BDMJHmO897STRmzqB6CdhwE=
2,-15,hfq66uxKlsZNNPtFEni7ZDmOw10=,z2u2lOHp8swtsYUjOtrEVcW0gCY=
1,-15,hfq66uxKlsZNNPtFEni7ZDmOw10=,uNNTUk6NQlQj7ZUF0VSeVqy04Co=
13,-4,hfq66uxKlsZNNPtFEni7ZDmOw10=,PD0v5WIC5bsq1GUFKdZO3G4flVk=
13,-5,hfq66uxKlsZNNPtFEni7ZDmOw10=,fiqpktpoyCb38JYFUf4fq9iIsSU=
14,-5,hfq66uxKlsZNNPtFEni7ZDmOw10=,tYnQPzSOSGyFwx9QPrHIttKNY+A=
13,-6,hfq66uxKlsZNNPtFEni7ZDmOw10=,fiqpktpoyCb38JYFUf4fq9iIsSU=
15,-4,hfq66uxKlsZNNPtFEni7ZDmOw10=,yZGBc4O1vcM3y8EGRAw/t/NnLyA=
14,-4,hfq66uxKlsZNNPtFEni7ZDmOw10=,yZGBc4O1vcM3y8EGRAw/t/NnLyA=
15,-7,hfq66uxKlsZNNPtFEni7ZDmOw10=,NfoiBl4vf52NcUnZnFVN+NcOdH4=
13,-7,hfq66uxKlsZNNPtFEni7ZDmOw10=,3tpFiZY+QGIG95J55oJfqEJWJ98=
14,-6,hfq66uxKlsZNNPtFEni7ZDmOw10=,tYnQPzSOSGyFwx9QPrHIttKNY+A=
15,-6,hfq66uxKlsZNNPtFEni7ZDmOw10=,tYnQPzSOSGyFwx9QPrHIttKNY+A=
14,-7,hfq66uxKlsZNNPtFEni7ZDmOw10=,NfoiBl4vf52NcUnZnFVN+NcOdH4=
15,-5,hfq66uxKlsZNNPtFEni7ZDmOw10=,tYnQPzSOSGyFwx9QPrHIttKNY+A=
0,-6,hfq66uxKlsZNNPtFEni7ZDmOw10=,VRe6WlKIVh17zT8HFacTI28EYYs=
0,-7,hfq66uxKlsZNNPtFEni7ZDmOw10=,A0Z0Fr51PEUeFflGigvQVpMO1No=
0,-4,CIL9Wvn8y+O7eQtg0xDElKibz2U=,rqOP+FhqAHrP2q60iPawTJOjEdY=
0,-5,CIL9Wvn8y+O7eQtg0xDElKibz2U=,VRe6WlKIVh17zT8HFacTI28EYYs=
0,-9,CIL9Wvn8y+O7eQtg0xDElKibz2U=,wruYbcE5HVzxfCZV3jwWRl8YrnA=
1,-9,CIL9Wvn8y+O7eQtg0xDElKibz2U=,wruYbcE5HVzxfCZV3jwWRl8YrnA=
0,-8,CIL9Wvn8y+O7eQtg0xDElKibz2U=,A0Z0Fr51PEUeFflGigvQVpMO1No=
2,-9,CIL9Wvn8y+O7eQtg0xDElKibz2U=,MQSfkxH0Bz4+89vZlL5d7A3sDz4=
4,-1,CIL9Wvn8y+O7eQtg0xDElKibz2U=,VLP0kyc91hLtdQ+tsdvuMZYKAT8=
1,-8,CIL9Wvn8y+O7eQtg0xDElKibz2U=,A0Z0Fr51PEUeFflGigvQVpMO1No=
2,-8,CIL9Wvn8y+O7eQtg0xDElKibz2U=,5noXX3TaWKqksKIJo98bfQxXULM=
3,-1,CIL9Wvn8y+O7eQtg0xDElKibz2U=,Jhu0FVCmoifJ2HyXuxJMg4Hp+T8=
8,-1,CIL9Wvn8y+O7eQtg0xDElKibz2U=,xSkfQMqv1CVdw3i1VVRQDhwcKbQ=
9,-1,CIL9Wvn8y+O7eQtg0xDElKibz2U=,xSkfQMqv1CVdw3i1VVRQDhwcKbQ=
11,-1,CIL9Wvn8y+O7eQtg0xDElKibz2U=,NZNrekpSltjvjw1/6vghiqFLQQM=
12,-1,CIL9Wvn8y+O7eQtg0xDElKibz2U=,3TTDVx3wr0g/H4+TfG3zdtSqsqs=
5,-1,CIL9Wvn8y+O7eQtg0xDElKibz2U=,VLP0kyc91hLtdQ+tsdvuMZYKAT8=
10,-1,CIL9Wvn8y+O7eQtg0xDElKibz2U=,NZNrekpSltjvjw1/6vghiqFLQQM=
7,-1,CIL9Wvn8y+O7eQtg0xDElKibz2U=,KQPr5xlcnILCSwXE7c0FRHEtMNg=
6,-1,CIL9Wvn8y+O7eQtg0xDElKibz2U=,KQPr5xlcnILCSwXE7c0FRHEtMNg=
0,-10,CIL9Wvn8y+O7eQtg0xDElKibz2U=,wruYbcE5HVzxfCZV3jwWRl8YrnA=
2,-12,CIL9Wvn8y+O7eQtg0xDElKibz2U=,MiGA76CR39TbA7S39wKDtGYU+Hg=
1,-13,CIL9Wvn8y+O7eQtg0xDElKibz2U=,D2q6BDMJHmO897STRmzqB6CdhwE=
2,-11,CIL9Wvn8y+O7eQtg0xDElKibz2U=,MiGA76CR39TbA7S39wKDtGYU+Hg=
0,-13,CIL9Wvn8y+O7eQtg0xDElKibz2U=,D2q6BDMJHmO897STRmzqB6CdhwE=
1,-12,CIL9Wvn8y+O7eQtg0xDElKibz2U=,w4PWuDlieQopHsCkV9f1i/UIdsc=
0,-11,CIL9Wvn8y+O7eQtg0xDElKibz2U=,w4PWuDlieQopHsCkV9f1i/UIdsc=
0,-12,CIL9Wvn8y+O7eQtg0xDElKibz2U=,w4PWuDlieQopHsCkV9f1i/UIdsc=
2,-10,CIL9Wvn8y+O7eQtg0xDElKibz2U=,MQSfkxH0Bz4+89vZlL5d7A3sDz4=
1,-11,CIL9Wvn8y+O7eQtg0xDElKibz2U=,w4PWuDlieQopHsCkV9f1i/UIdsc=
1,-10,CIL9Wvn8y+O7eQtg0xDElKibz2U=,wruYbcE5HVzxfCZV3jwWRl8YrnA=
4,-12,CIL9Wvn8y+O7eQtg0xDElKibz2U=,x7cY2MthUihyRvs24udt5xCNq2c=
4,-15,CIL9Wvn8y+O7eQtg0xDElKibz2U=,kYuApn36dRQk1/Mi4p93lzb4dXQ=
4,-13,CIL9Wvn8y+O7eQtg0xDElKibz2U=,t3NvSWWGj/Q0EwjpHNCpegNnrtE=
5,-12,CIL9Wvn8y+O7eQtg0xDElKibz2U=,x7cY2MthUihyRvs24udt5xCNq2c=
3,-15,CIL9Wvn8y+O7eQtg0xDElKibz2U=,z2u2lOHp8swtsYUjOtrEVcW0gCY=
4,-14,CIL9Wvn8y+O7eQtg0xDElKibz2U=,t3NvSWWGj/Q0EwjpHNCpegNnrtE=
3,-12,CIL9Wvn8y+O7eQtg0xDElKibz2U=,MiGA76CR39TbA7S39wKDtGYU+Hg=
6,-13,CIL9Wvn8y+O7eQtg0xDElKibz2U=,CJbK6iJeUMqixJHQtNsugLKF3IU=
6,-12,CIL9Wvn8y+O7eQtg0xDElKibz2U=,G5w5ksE2ydG70CMZLG6Dqfm+M4Y=
5,-13,CIL9Wvn8y+O7eQtg0xDElKibz2U=,t3NvSWWGj/Q0EwjpHNCpegNnrtE=
3,-16,CIL9Wvn8y+O7eQtg0xDElKibz2U=,z2u2lOHp8swtsYUjOtrEVcW0gCY=
4,-16,CIL9Wvn8y+O7eQtg0xDElKibz2U=,kYuApn36dRQk1/Mi4p93lzb4dXQ=
1,-16,CIL9Wvn8y+O7eQtg0xDElKibz2U=,uNNTUk6NQlQj7ZUF0VSeVqy04Co=
14,-12,CIL9Wvn8y+O7eQtg0xDElKibz2U=,7tnFEFpJrkUGabcC3vmzzeHeHyE=
2,-16,CIL9Wvn8y+O7eQtg0xDElKibz2U=,z2u2lOHp8swtsYUjOtrEVcW0gCY=
13,-12,CIL9Wvn8y+O7eQtg0xDElKibz2U=,5u3Gz7JFO8RSz9xbVcoSqmoNGbY=
0,-15,CIL9Wvn8y+O7eQtg0xDElKibz2U=,uNNTUk6NQlQj7ZUF0VSeVqy04Co=
15,-10,CIL9Wvn8y+O7eQtg0xDElKibz2U=,QVwiUfRRGFJDngRqEmLHNCgP4tI=
0,-14,CIL9Wvn8y+O7eQtg0xDElKibz2U=,D2q6BDMJHmO897STRmzqB6CdhwE=
15,-12,CIL9Wvn8y+O7eQtg0xDElKibz2U=,7tnFEFpJrkUGabcC3vmzzeHeHyE=
0,-16,CIL9Wvn8y+O7eQtg0xDElKibz2U=,uNNTUk6NQlQj7ZUF0VSeVqy04Co=
15,-11,CIL9Wvn8y+O7eQtg0xDElKibz2U=,7tnFEFpJrkUGabcC3vmzzeHeHyE=
9,-16,CIL9Wvn8y+O7eQtg0xDElKibz2U=,Nr1cCmhFjDETQyjokVHDiKLnEM0=
11,-14,CIL9Wvn8y+O7eQtg0xDElKibz2U=,XXlMwzIF8bkkhVSAx8W/LasLSRA=
12,-12,CIL9Wvn8y+O7eQtg0xDElKibz2U=,5u3Gz7JFO8RSz9xbVcoSqmoNGbY=
10,-13,CIL9Wvn8y+O7eQtg0xDElKibz2U=,XXlMwzIF8bkkhVSAx8W/LasLSRA=
11,-12,CIL9Wvn8y+O7eQtg0xDElKibz2U=,RgxlehXiOC0pdyjsb56pMad8Vtk=
11,-13,CIL9Wvn8y+O7eQtg0xDElKibz2U=,XXlMwzIF8bkkhVSAx8W/LasLSRA=
10,-12,CIL9Wvn8y+O7eQtg0xDElKibz2U=,RgxlehXiOC0pdyjsb56pMad8Vtk=
9,-15,CIL9Wvn8y+O7eQtg0xDElKibz2U=,Nr1cCmhFjDETQyjokVHDiKLnEM0=
9,-14,CIL9Wvn8y+O7eQtg0xDElKibz2U=,XjxcD04LN0bcOfzZpY/LnR+mSNA=
9,-13,CIL9Wvn8y+O7eQtg0xDElKibz2U=,XjxcD04LN0bcOfzZpY/LnR+mSNA=
10,-14,CIL9Wvn8y+O7eQtg0xDElKibz2U=,XXlMwzIF8bkkhVSAx8W/LasLSRA=
5,-15,CIL9Wvn8y+O7eQtg0xDElKibz2U=,kYuApn36dRQk1/Mi4p93lzb4dXQ=
9,-12,CIL9Wvn8y+O7eQtg0xDElKibz2U=,xh97F4I5OB5aimLdVSb51GpksZw=
6,-14,CIL9Wvn8y+O7eQtg0xDElKibz2U=,CJbK6iJeUMqixJHQtNsugLKF3IU=
5,-16,CIL9Wvn8y+O7eQtg0xDElKibz2U=,kYuApn36dRQk1/Mi4p93lzb4dXQ=
8,-15,CIL9Wvn8y+O7eQtg0xDElKibz2U=,Nr1cCmhFjDETQyjokVHDiKLnEM0=
5,-14,CIL9Wvn8y+O7eQtg0xDElKibz2U=,t3NvSWWGj/Q0EwjpHNCpegNnrtE=
8,-16,CIL9Wvn8y+O7eQtg0xDElKibz2U=,Nr1cCmhFjDETQyjokVHDiKLnEM0=
6,-16,CIL9Wvn8y+O7eQtg0xDElKibz2U=,PMJ9nIsqQ53k+2G7/YtW4XfYWkQ=
8,-14,CIL9Wvn8y+O7eQtg0xDElKibz2U=,XjxcD04LN0bcOfzZpY/LnR+mSNA=
6,-15,CIL9Wvn8y+O7eQtg0xDElKibz2U=,PMJ9nIsqQ53k+2G7/YtW4XfYWkQ=
7,-14,CIL9Wvn8y+O7eQtg0xDElKibz2U=,CJbK6iJeUMqixJHQtNsugLKF3IU=
7,-16,CIL9Wvn8y+O7eQtg0xDElKibz2U=,PMJ9nIsqQ53k+2G7/YtW4XfYWkQ=
1,-3,CIL9Wvn8y+O7eQtg0xDElKibz2U=,rqOP+FhqAHrP2q60iPawTJOjEdY=
7,-15,CIL9Wvn8y+O7eQtg0xDElKibz2U=,PMJ9nIsqQ53k+2G7/YtW4XfYWkQ=
0,-3,CIL9Wvn8y+O7eQtg0xDElKibz2U=,rqOP+FhqAHrP2q60iPawTJOjEdY=
0,-2,CIL9Wvn8y+O7eQtg0xDElKibz2U=,YikYhqfbGc7TgkK8w4gf0/Rv30Y=
1,-2,CIL9Wvn8y+O7eQtg0xDElKibz2U=,YikYhqfbGc7TgkK8w4gf0/Rv30Y=
2,-3,CIL9Wvn8y+O7eQtg0xDElKibz2U=,MB6UuEUxu8CAcKPe1okkwchXQJE=
0,-1,CIL9Wvn8y+O7eQtg0xDElKibz2U=,YikYhqfbGc7TgkK8w4gf0/Rv30Y=
2,-1,CIL9Wvn8y+O7eQtg0xDElKibz2U=,Jhu0FVCmoifJ2HyXuxJMg4Hp+T8=
1,-1,CIL9Wvn8y+O7eQtg0xDElKibz2U=,YikYhqfbGc7TgkK8w4gf0/Rv30Y=
2,-2,CIL9Wvn8y+O7eQtg0xDElKibz2U=,Jhu0FVCmoifJ2HyXuxJMg4Hp+T8=
4,-21,IMHrX2ZvrbRg/Ne+t0M02zTF0nA=,pWnBuVBHf+a6DOnIoNSY2dszjDs=
2,-24,IMHrX2ZvrbRg/Ne+t0M02zTF0nA=,+2+VKqDe5zgx5nEB99zbtw7hZEU=
2,-25,IMHrX2ZvrbRg/Ne+t0M02zTF0nA=,ANP7W5y/7rLwWYYwcQx/X4B739k=
3,-20,IMHrX2ZvrbRg/Ne+t0M02zTF0nA=,GvVKcN3d8Ep/kSw7GH2eq8Aszos=
4,-20,IMHrX2ZvrbRg/Ne+t0M02zTF0nA=,W0lk0u2CA9hiV9aZIkhDTnUX3E0=
3,-21,IMHrX2ZvrbRg/Ne+t0M02zTF0nA=,r74Mom4BchFWEWIhRIJmWr3f/n0=
1,-25,IMHrX2ZvrbRg/Ne+t0M02zTF0nA=,Qn+Z0ltytsxbW4cYXErP7LKWZ6A=
1,-24,IMHrX2ZvrbRg/Ne+t0M02zTF0nA=,VK6lpPtjno1pOecz321cMFda4E0=
3,-25,IMHrX2ZvrbRg/Ne+t0M02zTF0nA=,ANP7W5y/7rLwWYYwcQx/X4B739k=
3,-22,IMHrX2ZvrbRg/Ne+t0M02zTF0nA=,r74Mom4BchFWEWIhRIJmWr3f/n0=
4,-22,IMHrX2ZvrbRg/Ne+t0M02zTF0nA=,pWnBuVBHf+a6DOnIoNSY2dszjDs=
4,-25,IMHrX2ZvrbRg/Ne+t0M02zTF0nA=,VLKvZY9MmD2LK53k8fjlKSHMNqo=
3,-23,IMHrX2ZvrbRg/Ne+t0M02zTF0nA=,+2+VKqDe5zgx5nEB99zbtw7hZEU=
4,-23,IMHrX2ZvrbRg/Ne+t0M02zTF0nA=,vrJYzMWWFT3eIwOV4Svh8Th2uBY=
3,-24,IMHrX2ZvrbRg/Ne+t0M02zTF0nA=,+2+VKqDe5zgx5nEB99zbtw7hZEU=
4,-24,IMHrX2ZvrbRg/Ne+t0M02zTF0nA=,vrJYzMWWFT3eIwOV4Svh8Th2uBY=
3,-19,IMHrX2ZvrbRg/Ne+t0M02zTF0nA=,GvVKcN3d8Ep/kSw7GH2eq8Aszos=
4,-18,IMHrX2ZvrbRg/Ne+t0M02zTF0nA=,52Aam5Pdb9QvtU1bFTX63/cxTyA=
3,-18,IMHrX2ZvrbRg/Ne+t0M02zTF0nA=,uX/xO4k5dGWTWRJXtXra0g843Zo=
4,-19,IMHrX2ZvrbRg/Ne+t0M02zTF0nA=,W0lk0u2CA9hiV9aZIkhDTnUX3E0=
2,-21,Tc9cHmLPDLyTS+YsMeMm3vvTfbM=,r74Mom4BchFWEWIhRIJmWr3f/n0=
2,-22,Tc9cHmLPDLyTS+YsMeMm3vvTfbM=,r74Mom4BchFWEWIhRIJmWr3f/n0=
1,-20,Tc9cHmLPDLyTS+YsMeMm3vvTfbM=,jzHYu+gVu4AurlKGqdOrKE/9nvk=
2,-20,Tc9cHmLPDLyTS+YsMeMm3vvTfbM=,GvVKcN3d8Ep/kSw7GH2eq8Aszos=
1,-21,Tc9cHmLPDLyTS+YsMeMm3vvTfbM=,tffPAZE7uPEdgRAZmhTwBnIoXcM=
2,-23,Tc9cHmLPDLyTS+YsMeMm3vvTfbM=,+2+VKqDe5zgx5nEB99zbtw7hZEU=
1,-23,Tc9cHmLPDLyTS+YsMeMm3vvTfbM=,VK6lpPtjno1pOecz321cMFda4E0=
1,-22,Tc9cHmLPDLyTS+YsMeMm3vvTfbM=,tffPAZE7uPEdgRAZmhTwBnIoXcM=
2,-18,Tc9cHmLPDLyTS+YsMeMm3vvTfbM=,uX/xO4k5dGWTWRJXtXra0g843Zo=
2,-19,Tc9cHmLPDLyTS+YsMeMm3vvTfbM=,GvVKcN3d8Ep/kSw7GH2eq8Aszos=
1,-18,Tc9cHmLPDLyTS+YsMeMm3vvTfbM=,kgIdPcJzrDgOFQM8HXGueBXX/sk=
1,-19,Tc9cHmLPDLyTS+YsMeMm3vvTfbM=,jzHYu+gVu4AurlKGqdOrKE/9nvk=
3,-17,Tc9cHmLPDLyTS+YsMeMm3vvTfbM=,uX/xO4k5dGWTWRJXtXra0g843Zo=
4,-17,Tc9cHmLPDLyTS+YsMeMm3vvTfbM=,52Aam5Pdb9QvtU1bFTX63/cxTyA=
0,-25,Tc9cHmLPDLyTS+YsMeMm3vvTfbM=,Qn+Z0ltytsxbW4cYXErP7LKWZ6A=
7,-19,Tc9cHmLPDLyTS+YsMeMm3vvTfbM=,XdODxelnVL2FLSTopmOTfAOZEQ0=
5,-19,Tc9cHmLPDLyTS+YsMeMm3vvTfbM=,W0lk0u2CA9hiV9aZIkhDTnUX3E0=
5,-17,Tc9cHmLPDLyTS+YsMeMm3vvTfbM=,52Aam5Pdb9QvtU1bFTX63/cxTyA=
8,-18,Tc9cHmLPDLyTS+YsMeMm3vvTfbM=,FbfHZIvM7yoJwbKcgBLbEnNlwSU=
8,-19,Tc9cHmLPDLyTS+YsMeMm3vvTfbM=,syahVhZzaVQKPOpSV+GSJxHO4kU=
1,-30,Tc9cHmLPDLyTS+YsMeMm3vvTfbM=,QuCAu2XHfGTZHK7aJQ4NCbxRYBw=
7,-17,Tc9cHmLPDLyTS+YsMeMm3vvTfbM=,p+QUitdz9Bho5J3r6Dm6A0MQmmU=
7,-18,Tc9cHmLPDLyTS+YsMeMm3vvTfbM=,p+QUitdz9Bho5J3r6Dm6A0MQmmU=
6,-19,Tc9cHmLPDLyTS+YsMeMm3vvTfbM=,XdODxelnVL2FLSTopmOTfAOZEQ0=
8,-17,Tc9cHmLPDLyTS+YsMeMm3vvTfbM=,FbfHZIvM7yoJwbKcgBLbEnNlwSU=
5,-18,Tc9cHmLPDLyTS+YsMeMm3vvTfbM=,52Aam5Pdb9QvtU1bFTX63/cxTyA=
0,-24,Tc9cHmLPDLyTS+YsMeMm3vvTfbM=,VK6lpPtjno1pOecz321cMFda4E0=
6,-18,Tc9cHmLPDLyTS+YsMeMm3vvTfbM=,p+QUitdz9Bho5J3r6Dm6A0MQmmU=
6,-17,Tc9cHmLPDLyTS+YsMeMm3vvTfbM=,p+QUitdz9Bho5J3r6Dm6A0MQmmU=
0,-19,Tc9cHmLPDLyTS+YsMeMm3vvTfbM=,jzHYu+gVu4AurlKGqdOrKE/9nvk=
0,-18,Tc9cHmLPDLyTS+YsMeMm3vvTfbM=,kgIdPcJzrDgOFQM8HXGueBXX/sk=
0,-23,Tc9cHmLPDLyTS+YsMeMm3vvTfbM=,VK6lpPtjno1pOecz321cMFda4E0=
1,-17,Tc9cHmLPDLyTS+YsMeMm3vvTfbM=,kgIdPcJzrDgOFQM8HXGueBXX/sk=
2,-17,Tc9cHmLPDLyTS+YsMeMm3vvTfbM=,uX/xO4k5dGWTWRJXtXra0g843Zo=
0,-21,Tc9cHmLPDLyTS+YsMeMm3vvTfbM=,tffPAZE7uPEdgRAZmhTwBnIoXcM=
0,-22,Tc9cHmLPDLyTS+YsMeMm3vvTfbM=,tffPAZE7uPEdgRAZmhTwBnIoXcM=
4,-26,Tc9cHmLPDLyTS+YsMeMm3vvTfbM=,VLKvZY9MmD2LK53k8fjlKSHMNqo=
3,-26,Tc9cHmLPDLyTS+YsMeMm3vvTfbM=,ANP7W5y/7rLwWYYwcQx/X4B739k=
3,-28,Tc9cHmLPDLyTS+YsMeMm3vvTfbM=,GUVHvxCw7iSPIWMeT0+3AUOIoLI=
3,-27,Tc9cHmLPDLyTS+YsMeMm3vvTfbM=,GUVHvxCw7iSPIWMeT0+3AUOIoLI=
0,-30,Tc9cHmLPDLyTS+YsMeMm3vvTfbM=,QuCAu2XHfGTZHK7aJQ4NCbxRYBw=
9,-17,Tc9cHmLPDLyTS+YsMeMm3vvTfbM=,FbfHZIvM7yoJwbKcgBLbEnNlwSU=
9,-18,Tc9cHmLPDLyTS+YsMeMm3vvTfbM=,FbfHZIvM7yoJwbKcgBLbEnNlwSU=
9,-19,Tc9cHmLPDLyTS+YsMeMm3vvTfbM=,syahVhZzaVQKPOpSV+GSJxHO4kU=
9,-20,Tc9cHmLPDLyTS+YsMeMm3vvTfbM=,syahVhZzaVQKPOpSV+GSJxHO4kU=
0,-20,Tc9cHmLPDLyTS+YsMeMm3vvTfbM=,jzHYu+gVu4AurlKGqdOrKE/9nvk=
6,-26,Tc9cHmLPDLyTS+YsMeMm3vvTfbM=,d2qv8DcGWf6pnUoKFwHWWljA/pk=
7,-26,Tc9cHmLPDLyTS+YsMeMm3vvTfbM=,d2qv8DcGWf6pnUoKFwHWWljA/pk=
7,-25,Tc9cHmLPDLyTS+YsMeMm3vvTfbM=,d2qv8DcGWf6pnUoKFwHWWljA/pk=
5,-26,Tc9cHmLPDLyTS+YsMeMm3vvTfbM=,VLKvZY9MmD2LK53k8fjlKSHMNqo=
7,-24,Tc9cHmLPDLyTS+YsMeMm3vvTfbM=,SmI5vVYAvbDYmmel71pwk/34PO8=
6,-25,Tc9cHmLPDLyTS+YsMeMm3vvTfbM=,d2qv8DcGWf6pnUoKFwHWWljA/pk=
5,-25,Tc9cHmLPDLyTS+YsMeMm3vvTfbM=,VLKvZY9MmD2LK53k8fjlKSHMNqo=
6,-24,Tc9cHmLPDLyTS+YsMeMm3vvTfbM=,SmI5vVYAvbDYmmel71pwk/34PO8=
5,-24,Tc9cHmLPDLyTS+YsMeMm3vvTfbM=,vrJYzMWWFT3eIwOV4Svh8Th2uBY=
0,-17,Tc9cHmLPDLyTS+YsMeMm3vvTfbM=,kgIdPcJzrDgOFQM8HXGueBXX/sk=
7,-23,Tc9cHmLPDLyTS+YsMeMm3vvTfbM=,SmI5vVYAvbDYmmel71pwk/34PO8=
5,-22,Tc9cHmLPDLyTS+YsMeMm3vvTfbM=,pWnBuVBHf+a6DOnIoNSY2dszjDs=
6,-21,Tc9cHmLPDLyTS+YsMeMm3vvTfbM=,VhM+g3Deaj6//MDEX/3+oufKnAA=
6,-23,Tc9cHmLPDLyTS+YsMeMm3vvTfbM=,SmI5vVYAvbDYmmel71pwk/34PO8=
5,-21,Tc9cHmLPDLyTS+YsMeMm3vvTfbM=,pWnBuVBHf+a6DOnIoNSY2dszjDs=
5,-20,Tc9cHmLPDLyTS+YsMeMm3vvTfbM=,W0lk0u2CA9hiV9aZIkhDTnUX3E0=
6,-20,Tc9cHmLPDLyTS+YsMeMm3vvTfbM=,XdODxelnVL2FLSTopmOTfAOZEQ0=
7,-22,Tc9cHmLPDLyTS+YsMeMm3vvTfbM=,VhM+g3Deaj6//MDEX/3+oufKnAA=
8,-20,Tc9cHmLPDLyTS+YsMeMm3vvTfbM=,syahVhZzaVQKPOpSV+GSJxHO4kU=
7,-21,Tc9cHmLPDLyTS+YsMeMm3vvTfbM=,VhM+g3Deaj6//MDEX/3+oufKnAA=
6,-22,Tc9cHmLPDLyTS+YsMeMm3vvTfbM=,VhM+g3Deaj6//MDEX/3+oufKnAA=
7,-20,Tc9cHmLPDLyTS+YsMeMm3vvTfbM=,XdODxelnVL2FLSTopmOTfAOZEQ0=
5,-23,Tc9cHmLPDLyTS+YsMeMm3vvTfbM=,vrJYzMWWFT3eIwOV4Svh8Th2uBY=
0,-29,Tc9cHmLPDLyTS+YsMeMm3vvTfbM=,QuCAu2XHfGTZHK7aJQ4NCbxRYBw=
2,-27,Tc9cHmLPDLyTS+YsMeMm3vvTfbM=,GUVHvxCw7iSPIWMeT0+3AUOIoLI=
1,-26,Tc9cHmLPDLyTS+YsMeMm3vvTfbM=,Qn+Z0ltytsxbW4cYXErP7LKWZ6A=
2,-28,Tc9cHmLPDLyTS+YsMeMm3vvTfbM=,GUVHvxCw7iSPIWMeT0+3AUOIoLI=
2,-26,Tc9cHmLPDLyTS+YsMeMm3vvTfbM=,ANP7W5y/7rLwWYYwcQx/X4B739k=
0,-26,Tc9cHmLPDLyTS+YsMeMm3vvTfbM=,Qn+Z0ltytsxbW4cYXErP7LKWZ6A=
0,-28,Tc9cHmLPDLyTS+YsMeMm3vvTfbM=,9neW9iM3J4mGxUibQapBpHFmtr4=
1,-27,Tc9cHmLPDLyTS+YsMeMm3vvTfbM=,9neW9iM3J4mGxUibQapBpHFmtr4=
1,-29,Tc9cHmLPDLyTS+YsMeMm3vvTfbM=,QuCAu2XHfGTZHK7aJQ4NCbxRYBw=
1,-28,Tc9cHmLPDLyTS+YsMeMm3vvTfbM=,9neW9iM3J4mGxUibQapBpHFmtr4=
0,-27,Tc9cHmLPDLyTS+YsMeMm3vvTfbM=,9neW9iM3J4mGxUibQapBpHFmtr4=
