-156,100,zZZI9dJQm8Um4+amOcFlzWlY8So=,KgxSPs52H0l9nXq5job3+WthisU=
-156,101,zZZI9dJQm8Um4+amOcFlzWlY8So=,KgxSPs52H0l9nXq5job3+WthisU=
-156,102,zZZI9dJQm8Um4+amOcFlzWlY8So=,KgxSPs52H0l9nXq5job3+WthisU=
-156,103,zZZI9dJQm8Um4+amOcFlzWlY8So=,KgxSPs52H0l9nXq5job3+WthisU=
-156,97,zZZI9dJQm8Um4+amOcFlzWlY8So=,KgxSPs52H0l9nXq5job3+WthisU=
-156,98,zZZI9dJQm8Um4+amOcFlzWlY8So=,KgxSPs52H0l9nXq5job3+WthisU=
-156,99,zZZI9dJQm8Um4+amOcFlzWlY8So=,KgxSPs52H0l9nXq5job3+WthisU=
-156,108,zZZI9dJQm8Um4+amOcFlzWlY8So=,KgxSPs52H0l9nXq5job3+WthisU=
-156,104,4hfCxRnZIBlZPeQBkG88p2awmXo=,KgxSPs52H0l9nXq5job3+WthisU=
-156,105,4hfCxRnZIBlZPeQBkG88p2awmXo=,KgxSPs52H0l9nXq5job3+WthisU=
-156,106,4hfCxRnZIBlZPeQBkG88p2awmXo=,KgxSPs52H0l9nXq5job3+WthisU=
-156,107,4hfCxRnZIBlZPeQBkG88p2awmXo=,KgxSPs52H0l9nXq5job3+WthisU=
-157,99,4hfCxRnZIBlZPeQBkG88p2awmXo=,KgxSPs52H0l9nXq5job3+WthisU=
-157,98,4hfCxRnZIBlZPeQBkG88p2awmXo=,KgxSPs52H0l9nXq5job3+WthisU=
-157,101,4hfCxRnZIBlZPeQBkG88p2awmXo=,KgxSPs52H0l9nXq5job3+WthisU=
-157,100,4hfCxRnZIBlZPeQBkG88p2awmXo=,KgxSPs52H0l9nXq5job3+WthisU=
-157,104,4hfCxRnZIBlZPeQBkG88p2awmXo=,KgxSPs52H0l9nXq5job3+WthisU=
-158,99,4hfCxRnZIBlZPeQBkG88p2awmXo=,KgxSPs52H0l9nXq5job3+WthisU=
-158,100,4hfCxRnZIBlZPeQBkG88p2awmXo=,KgxSPs52H0l9nXq5job3+WthisU=
-158,101,4hfCxRnZIBlZPeQBkG88p2awmXo=,KgxSPs52H0l9nXq5job3+WthisU=
-159,101,4hfCxRnZIBlZPeQBkG88p2awmXo=,KgxSPs52H0l9nXq5job3+WthisU=
-152,107,4hfCxRnZIBlZPeQBkG88p2awmXo=,4q5DsVChnQrvUZ4x0e4qgQJShxM=
-152,108,4hfCxRnZIBlZPeQBkG88p2awmXo=,4q5DsVChnQrvUZ4x0e4qgQJShxM=
-153,108,4hfCxRnZIBlZPeQBkG88p2awmXo=,KgxSPs52H0l9nXq5job3+WthisU=
-153,107,4hfCxRnZIBlZPeQBkG88p2awmXo=,KgxSPs52H0l9nXq5job3+WthisU=
-154,96,4hfCxRnZIBlZPeQBkG88p2awmXo=,KgxSPs52H0l9nXq5job3+WthisU=
-154,106,4hfCxRnZIBlZPeQBkG88p2awmXo=,KgxSPs52H0l9nXq5job3+WthisU=
-154,107,4hfCxRnZIBlZPeQBkG88p2awmXo=,KgxSPs52H0l9nXq5job3+WthisU=
-155,103,4hfCxRnZIBlZPeQBkG88p2awmXo=,KgxSPs52H0l9nXq5job3+WthisU=
-155,97,4hfCxRnZIBlZPeQBkG88p2awmXo=,KgxSPs52H0l9nXq5job3+WthisU=
-155,96,4hfCxRnZIBlZPeQBkG88p2awmXo=,KgxSPs52H0l9nXq5job3+WthisU=
-155,108,4hfCxRnZIBlZPeQBkG88p2awmXo=,KgxSPs52H0l9nXq5job3+WthisU=
-155,105,4hfCxRnZIBlZPeQBkG88p2awmXo=,KgxSPs52H0l9nXq5job3+WthisU=
-155,104,4hfCxRnZIBlZPeQBkG88p2awmXo=,KgxSPs52H0l9nXq5job3+WthisU=
-155,107,4hfCxRnZIBlZPeQBkG88p2awmXo=,KgxSPs52H0l9nXq5job3+WthisU=
-155,106,4hfCxRnZIBlZPeQBkG88p2awmXo=,KgxSPs52H0l9nXq5job3+WthisU=
-148,109,4hfCxRnZIBlZPeQBkG88p2awmXo=,4q5DsVChnQrvUZ4x0e4qgQJShxM=
-148,110,4hfCxRnZIBlZPeQBkG88p2awmXo=,4q5DsVChnQrvUZ4x0e4qgQJShxM=
-149,109,iv3XWuosLFl8gi7J+5G+z6wXz6o=,4q5DsVChnQrvUZ4x0e4qgQJShxM=
-150,108,iv3XWuosLFl8gi7J+5G+z6wXz6o=,4q5DsVChnQrvUZ4x0e4qgQJShxM=
-150,109,iv3XWuosLFl8gi7J+5G+z6wXz6o=,4q5DsVChnQrvUZ4x0e4qgQJShxM=
-151,108,iv3XWuosLFl8gi7J+5G+z6wXz6o=,4q5DsVChnQrvUZ4x0e4qgQJShxM=
-144,112,iv3XWuosLFl8gi7J+5G+z6wXz6o=,Nr8fX2U9txtPKL/BDgwxhF3M5Uw=
-144,113,iv3XWuosLFl8gi7J+5G+z6wXz6o=,Nr8fX2U9txtPKL/BDgwxhF3M5Uw=
-144,110,iv3XWuosLFl8gi7J+5G+z6wXz6o=,Nr8fX2U9txtPKL/BDgwxhF3M5Uw=
-144,111,iv3XWuosLFl8gi7J+5G+z6wXz6o=,Nr8fX2U9txtPKL/BDgwxhF3M5Uw=
-145,111,iv3XWuosLFl8gi7J+5G+z6wXz6o=,4q5DsVChnQrvUZ4x0e4qgQJShxM=
-145,110,iv3XWuosLFl8gi7J+5G+z6wXz6o=,4q5DsVChnQrvUZ4x0e4qgQJShxM=
-146,110,iv3XWuosLFl8gi7J+5G+z6wXz6o=,4q5DsVChnQrvUZ4x0e4qgQJShxM=
-146,111,iv3XWuosLFl8gi7J+5G+z6wXz6o=,4q5DsVChnQrvUZ4x0e4qgQJShxM=
-147,109,iv3XWuosLFl8gi7J+5G+z6wXz6o=,4q5DsVChnQrvUZ4x0e4qgQJShxM=
-147,110,iv3XWuosLFl8gi7J+5G+z6wXz6o=,4q5DsVChnQrvUZ4x0e4qgQJShxM=
-140,112,rOVYo+LkwFnyKU+NbCnLNFkDw/E=,Nr8fX2U9txtPKL/BDgwxhF3M5Uw=
-140,113,rOVYo+LkwFnyKU+NbCnLNFkDw/E=,Nr8fX2U9txtPKL/BDgwxhF3M5Uw=
-140,111,rOVYo+LkwFnyKU+NbCnLNFkDw/E=,Nr8fX2U9txtPKL/BDgwxhF3M5Uw=
-141,113,rOVYo+LkwFnyKU+NbCnLNFkDw/E=,Nr8fX2U9txtPKL/BDgwxhF3M5Uw=
-141,112,rOVYo+LkwFnyKU+NbCnLNFkDw/E=,Nr8fX2U9txtPKL/BDgwxhF3M5Uw=
-141,111,rOVYo+LkwFnyKU+NbCnLNFkDw/E=,Nr8fX2U9txtPKL/BDgwxhF3M5Uw=
-142,112,rOVYo+LkwFnyKU+NbCnLNFkDw/E=,Nr8fX2U9txtPKL/BDgwxhF3M5Uw=
-142,113,rOVYo+LkwFnyKU+NbCnLNFkDw/E=,Nr8fX2U9txtPKL/BDgwxhF3M5Uw=
-142,110,rOVYo+LkwFnyKU+NbCnLNFkDw/E=,Nr8fX2U9txtPKL/BDgwxhF3M5Uw=
-142,111,rOVYo+LkwFnyKU+NbCnLNFkDw/E=,Nr8fX2U9txtPKL/BDgwxhF3M5Uw=
-143,113,rOVYo+LkwFnyKU+NbCnLNFkDw/E=,Nr8fX2U9txtPKL/BDgwxhF3M5Uw=
-143,112,rOVYo+LkwFnyKU+NbCnLNFkDw/E=,Nr8fX2U9txtPKL/BDgwxhF3M5Uw=
-143,110,rOVYo+LkwFnyKU+NbCnLNFkDw/E=,Nr8fX2U9txtPKL/BDgwxhF3M5Uw=
-136,112,rOVYo+LkwFnyKU+NbCnLNFkDw/E=,MQqgFdwe9Rb3PpV2ngC+jHVtB5s=
-136,110,rOVYo+LkwFnyKU+NbCnLNFkDw/E=,MQqgFdwe9Rb3PpV2ngC+jHVtB5s=
-136,111,rOVYo+LkwFnyKU+NbCnLNFkDw/E=,MQqgFdwe9Rb3PpV2ngC+jHVtB5s=
-137,112,rOVYo+LkwFnyKU+NbCnLNFkDw/E=,Nr8fX2U9txtPKL/BDgwxhF3M5Uw=
-137,111,rOVYo+LkwFnyKU+NbCnLNFkDw/E=,Nr8fX2U9txtPKL/BDgwxhF3M5Uw=
-137,110,rOVYo+LkwFnyKU+NbCnLNFkDw/E=,Nr8fX2U9txtPKL/BDgwxhF3M5Uw=
-138,112,rOVYo+LkwFnyKU+NbCnLNFkDw/E=,Nr8fX2U9txtPKL/BDgwxhF3M5Uw=
-138,113,rOVYo+LkwFnyKU+NbCnLNFkDw/E=,Nr8fX2U9txtPKL/BDgwxhF3M5Uw=
-138,111,8I3elzI4sZu0vmLnTKaA+1IljSE=,Nr8fX2U9txtPKL/BDgwxhF3M5Uw=
-139,113,8I3elzI4sZu0vmLnTKaA+1IljSE=,Nr8fX2U9txtPKL/BDgwxhF3M5Uw=
-139,112,8I3elzI4sZu0vmLnTKaA+1IljSE=,Nr8fX2U9txtPKL/BDgwxhF3M5Uw=
-132,110,8I3elzI4sZu0vmLnTKaA+1IljSE=,MQqgFdwe9Rb3PpV2ngC+jHVtB5s=
-132,111,8I3elzI4sZu0vmLnTKaA+1IljSE=,MQqgFdwe9Rb3PpV2ngC+jHVtB5s=
-132,96,8I3elzI4sZu0vmLnTKaA+1IljSE=,fjopxcbEaGyvCCKuPeHmlt9YHmU=
-133,111,8I3elzI4sZu0vmLnTKaA+1IljSE=,MQqgFdwe9Rb3PpV2ngC+jHVtB5s=
-134,112,8I3elzI4sZu0vmLnTKaA+1IljSE=,MQqgFdwe9Rb3PpV2ngC+jHVtB5s=
-134,113,8I3elzI4sZu0vmLnTKaA+1IljSE=,coNhdowW6tbJRFJOSqnCwQ5+6LQ=
-134,111,8I3elzI4sZu0vmLnTKaA+1IljSE=,MQqgFdwe9Rb3PpV2ngC+jHVtB5s=
-135,112,8I3elzI4sZu0vmLnTKaA+1IljSE=,MQqgFdwe9Rb3PpV2ngC+jHVtB5s=
-135,111,8I3elzI4sZu0vmLnTKaA+1IljSE=,MQqgFdwe9Rb3PpV2ngC+jHVtB5s=
-129,111,mgxAStYy8cUE2eyY+Q/4HERhMJQ=,MQqgFdwe9Rb3PpV2ngC+jHVtB5s=
-129,110,mgxAStYy8cUE2eyY+Q/4HERhMJQ=,MQqgFdwe9Rb3PpV2ngC+jHVtB5s=
-129,109,mgxAStYy8cUE2eyY+Q/4HERhMJQ=,MQqgFdwe9Rb3PpV2ngC+jHVtB5s=
-129,104,mgxAStYy8cUE2eyY+Q/4HERhMJQ=,MQqgFdwe9Rb3PpV2ngC+jHVtB5s=
-129,103,mgxAStYy8cUE2eyY+Q/4HERhMJQ=,fjopxcbEaGyvCCKuPeHmlt9YHmU=
-129,102,mgxAStYy8cUE2eyY+Q/4HERhMJQ=,fjopxcbEaGyvCCKuPeHmlt9YHmU=
-129,101,mgxAStYy8cUE2eyY+Q/4HERhMJQ=,fjopxcbEaGyvCCKuPeHmlt9YHmU=
-129,100,mgxAStYy8cUE2eyY+Q/4HERhMJQ=,fjopxcbEaGyvCCKuPeHmlt9YHmU=
-129,99,mgxAStYy8cUE2eyY+Q/4HERhMJQ=,fjopxcbEaGyvCCKuPeHmlt9YHmU=
-129,98,mgxAStYy8cUE2eyY+Q/4HERhMJQ=,fjopxcbEaGyvCCKuPeHmlt9YHmU=
-129,97,mgxAStYy8cUE2eyY+Q/4HERhMJQ=,fjopxcbEaGyvCCKuPeHmlt9YHmU=
-129,96,mgxAStYy8cUE2eyY+Q/4HERhMJQ=,fjopxcbEaGyvCCKuPeHmlt9YHmU=
-130,110,mgxAStYy8cUE2eyY+Q/4HERhMJQ=,MQqgFdwe9Rb3PpV2ngC+jHVtB5s=
-130,109,mgxAStYy8cUE2eyY+Q/4HERhMJQ=,MQqgFdwe9Rb3PpV2ngC+jHVtB5s=
-130,102,mgxAStYy8cUE2eyY+Q/4HERhMJQ=,fjopxcbEaGyvCCKuPeHmlt9YHmU=
-130,103,mgxAStYy8cUE2eyY+Q/4HERhMJQ=,fjopxcbEaGyvCCKuPeHmlt9YHmU=
-130,101,mgxAStYy8cUE2eyY+Q/4HERhMJQ=,fjopxcbEaGyvCCKuPeHmlt9YHmU=
-130,99,mgxAStYy8cUE2eyY+Q/4HERhMJQ=,fjopxcbEaGyvCCKuPeHmlt9YHmU=
-130,96,mgxAStYy8cUE2eyY+Q/4HERhMJQ=,fjopxcbEaGyvCCKuPeHmlt9YHmU=
-130,97,mgxAStYy8cUE2eyY+Q/4HERhMJQ=,fjopxcbEaGyvCCKuPeHmlt9YHmU=
-131,109,c+/geM85/ebda4wkdQwuOtAgHK8=,MQqgFdwe9Rb3PpV2ngC+jHVtB5s=
-131,110,c+/geM85/ebda4wkdQwuOtAgHK8=,MQqgFdwe9Rb3PpV2ngC+jHVtB5s=
-131,96,c+/geM85/ebda4wkdQwuOtAgHK8=,fjopxcbEaGyvCCKuPeHmlt9YHmU=
